{
  "Alabama": { "north": 35.008028, "south": 30.223334, "east": -84.888246, "west": -88.473227 },
  "Alaska": { "north": 71.5388, "south": 51.2097, "east": -129.9795, "west": -179.148909 },
  "Arizona": { "north": 37.00426, "south": 31.332177, "east": -109.045223, "west": -114.818269 },
  "Arkansas": { "north": 36.4996, "south": 33.004106, "east": -89.644395, "west": -94.617919 },
  "California": { "north": 42.009518, "south": 32.534156, "east": -114.131211, "west": -124.409591 },
  "Colorado": { "north": 41.003444, "south": 36.993076, "east": -102.041524, "west": -109.045223 },
  "Connecticut": { "north": 42.050587, "south": 40.950943, "east": -71.799309, "west": -73.727775 },
  "Delaware": { "north": 39.839007, "south": 38.451013, "east": -75.048939, "west": -75.789023 },
  "District of Columbia": { "north": 39.0, "south": 38.791645, "east": -76.909395, "west": -77.119759 },
  "Florida": { "north": 31.000968, "south": 24.396308, "east": -80.031362, "west": -87.634938 },
  "Georgia": { "north": 35.000771, "south": 30.355757, "east": -80.839729, "west": -85.605165 },
  "Hawaii": { "north": 22.2356, "south": 18.910361, "east": -154.806773, "west": -160.2471 },
  "Idaho": { "north": 49.000239, "south": 41.988057, "east": -111.043564, "west": -117.243027 },
  "Illinois": { "north": 42.508481, "south": 36.970298, "east": -87.019935, "west": -91.513079 },
  "Indiana": { "north": 41.761368, "south": 37.771742, "east": -84.784579, "west": -88.097892 },
  "Iowa": { "north": 43.501196, "south": 40.375501, "east": -90.140061, "west": -96.639704 },
  "Kansas": { "north": 40.003162, "south": 36.993076, "east": -94.588387, "west": -102.051744 },
  "Kentucky": { "north": 39.147458, "south": 36.497129, "east": -81.96497, "west": -89.571509 },
  "Louisiana": { "north": 33.019457, "south": 28.921031, "east": -88.817017, "west": -94.043147 },
  "Maine": { "north": 47.459686, "south": 43.064941, "east": -66.949895, "west": -71.083924 },
  "Maryland": { "north": 39.723045, "south": 37.885639, "east": -75.048939, "west": -79.487651 },
  "Massachusetts": { "north": 42.886589, "south": 41.237964, "east": -69.928393, "west": -73.508142 },
  "Michigan": { "north": 48.306064, "south": 41.696118, "east": -82.413474, "west": -90.418136 },
  "Minnesota": { "north": 49.384358, "south": 43.499356, "east": -89.491739, "west": -97.239209 },
  "Mississippi": { "north": 34.996052, "south": 30.173943, "east": -88.097888, "west": -91.655009 },
  "Missouri": { "north": 40.61364, "south": 35.995683, "east": -89.098843, "west": -95.774704 },
  "Montana": { "north": 49.00111, "south": 44.358221, "east": -104.039138, "west": -116.050003 },
  "Nebraska": { "north": 43.001708, "south": 39.999998, "east": -95.30829, "west": -104.053514 },
  "Nevada": { "north": 42.002207, "south": 35.001857, "east": -114.039648, "west": -120.005746 },
  "New Hampshire": { "north": 45.305476, "south": 42.696985, "east": -70.610621, "west": -72.557247 },
  "New Jersey": { "north": 41.357423, "south": 38.928519, "east": -73.893979, "west": -75.559614 },
  "New Mexico": { "north": 37.000232, "south": 31.332301, "east": -103.001964, "west": -109.050173 },
  "New York": { "north": 45.01585, "south": 40.496103, "east": -71.856214, "west": -79.76259 },
  "North Carolina": { "north": 36.588157, "south": 33.842316, "east": -75.459951, "west": -84.321869 },
  "North Dakota": { "north": 49.00069, "south": 45.935035, "east": -96.554507, "west": -104.049392 },
  "Ohio": { "north": 41.977523, "south": 38.403202, "east": -80.518979, "west": -84.820305 },
  "Oklahoma": { "north": 37.002312, "south": 33.615833, "east": -94.430662, "west": -103.002565 },
  "Oregon": { "north": 46.292035, "south": 41.991794, "east": -116.463262, "west": -124.566244 },
  "Pennsylvania": { "north": 42.26986, "south": 39.719801, "east": -74.689516, "west": -80.519891 },
  "Rhode Island": { "north": 42.018798, "south": 41.146339, "east": -71.12057, "west": -71.862772 },
  "South Carolina": { "north": 35.215402, "south": 32.0346, "east": -78.499301, "west": -83.353914 },
  "South Dakota": { "north": 45.94545, "south": 42.479635, "east": -96.436589, "west": -104.057698 },
  "Tennessee": { "north": 36.678118, "south": 34.982972, "east": -81.6469, "west": -90.310298 },
  "Texas": { "north": 36.500704, "south": 25.837377, "east": -93.508292, "west": -106.645646 },
  "Utah": { "north": 42.001567, "south": 36.997968, "east": -109.041058, "west": -114.052962 },
  "Vermont": { "north": 45.016659, "south": 42.726853, "east": -71.464555, "west": -73.43774 },
  "Virginia": { "north": 39.466012, "south": 36.540738, "east": -75.242266, "west": -83.675395 },
  "Washington": { "north": 49.002494, "south": 45.543541, "east": -116.916031, "west": -124.848974 },
  "West Virginia": { "north": 40.638801, "south": 37.201483, "east": -77.719519, "west": -82.644739 },
  "Wisconsin": { "north": 47.302488, "south": 42.491983, "east": -86.24955, "west": -92.889433 },
  "Wyoming": { "north": 45.005904, "south": 40.994746, "east": -104.052245, "west": -111.056888 }
}
